"rearn","tearn","ssi","welfare","charity","sex","race","immig","educ_r","r_age","workmos","workhrs"
84000,0,0,0,0,1,1,1,4,29,12,55
14400,-5,0,0,0,2,3,1,4,40,12,40
27500,0,0,0,0,1,3,1,2,36,10,40
85000,0,0,0,0,1,1,0,4,71,11,8
135000,0,0,0,0,1,4,0,4,30,12,75
-9,0,0,0,0,2,2,0,4,41.3242301940918,0,42.2999992370605
54000,38000,0,0,0,2,1,0,4,32,12,40
0,0,0,0,0,2,2,0,2,67,0,0
35000,0,0,0,0,2,1,0,4,51,7,40
27000,0,0,0,0,1,3,0,3,34,12,32
0,0,0,0,0,1,3,0,1,83,0,0
14400,0,0,0,0,1,1,0,4,28,8,30
32000,-5,0,0,0,2,2,1,4,52,12,35
0,5000,0,0,0,2,1,0,2,62,4,5
7200,5000,0,0,0,1,2,0,2,30,6,40
25000,0,0,0,0,1,4,1,3,42,12,40
80000,0,0,0,0,1,1,0,2,49,12,40
250000,0,0,0,0,1,1,1,NA,26,12,50
12000,0,0,0,0,2,1,1,2,22,12,20
2000,0,0,0,1,2,2,1,2,20,6,8
24000,40000,0,0,0,2,1,0,4,25,12,30
15000,0,0,0,0,1,2,0,2,24,12,40
40000,0,0,0,0,2,3,0,4,24,8,60
3600,8000,0,1,0,2,3,0,2,31,10,40
21000,0,0,0,0,2,3,1,2,47,12,42.2999992370605
26000,45000,0,0,0,2,2,1,3,36,12,75
100000,100000,0,0,0,1,4,0,3,46,12,40
26880,0,0,0,0,1,3,1,3,33,12,40
50000,7500,0,0,0,1,2,0,2,37,12,40
0,-9,0,0,0,2,3,0,1,23,0,42.2999992370605
0,0,1,0,0,2,4,1,1,58,0,0
9600,0,0,0,0,2,3,1,1,42,12,39
-5,20000,1,0,0,2,3,0,1,23,8,40
39000,0,0,0,0,2,3,0,3,24,12,40
45000,35000,0,0,0,1,1,0,4,48,12,40
2400,0,0,0,0,1,3,1,1,36,3,5
0,110000,0,0,0,2,1,0,3,35,12,40
2400,9600,1,0,0,2,4,1,4,63,12,20
0,0,0,0,0,2,2,0,1,75,0,0
40000,15000,0,0,0,1,2,0,3,57,12,35
0,0,0,0,0,2,1,0,4,69,0,0
0,0,0,0,0,1,4,1,2,24,0,0
6500,0,0,0,0,1,1,0,3,20,12,12
0,0,0,0,0,2,1,0,2,90,0,0
27000,7000,1,0,0,2,1,0,3,28,12,42
20000,17500,0,0,0,1,3,0,1,56,12,66
60000,70000,0,0,0,2,3,0,4,31,12,35
-5,0,0,0,0,2,4,0,4,30,12,50
660,0,0,1,0,2,3,0,2,26,3,50
56000,76000,0,0,0,2,1,0,4,40,12,45
0,0,1,0,0,2,3,1,2,60,0,0
0,-5,0,0,0,2,1,NA,4,63,12,40
0,-5,0,0,0,1,1,0,1,19,11,42.2999992370605
70000,6500,0,0,0,1,1,0,3,54,10,55
0,0,0,0,0,2,2,0,3,74,0,0
10000,50000,0,0,0,1,1,0,4,30,12,40
0,0,0,0,0,1,NA,0,4,87,0,0
-5,0,0,0,0,2,1,0,4,41.3242301940918,12,20
20000,20000,0,0,0,2,1,0,4,29,12,60
150000,-5,0,0,0,2,1,0,4,49,12,50
40000,0,0,0,0,2,3,0,4,30,12,45
0,-5,0,0,0,2,2,0,2,58,11,42.2999992370605
6000,0,0,0,0,1,1,0,4,27,4,20
-5,0,0,0,0,2,NA,0,4,41,5,3
40000,0,0,0,0,1,2,1,3,32,12,40
0,0,0,0,0,2,2,1,3,36,0,0
-5,-9,0,0,0,1,3,1,3,39,11,40
5600,0,0,0,0,2,1,0,4,43,12,30
20000,40000,0,0,1,2,3,0,4,43,12,55
20000,0,0,0,0,1,3,0,3,24,9,30
33000,65000,0,0,0,2,1,1,4,55,12,40
50000,50000,0,0,0,2,3,0,3,40,12,40
0,60000,0,0,0,1,2,0,4,53,12,60
0,0,0,0,0,1,3,0,1,63,0,0
0,35000,0,0,0,1,1,0,4,53,12,35
0,0,0,0,0,2,4,1,4,44,0,0
0,0,0,0,0,2,1,0,3,82,0,0
30000,0,0,0,0,2,2,1,3,37,12,40
0,0,0,0,0,2,1,1,4,77,0,0
-5,0,0,0,0,1,3,0,2,24,8,40
0,0,0,0,0,2,2,1,2,80,0,0
0,50000,0,0,0,2,1,1,3,42,12,50
40000,0,0,0,0,1,2,1,2,22,12,40
0,0,0,0,0,1,1,1,4,27,0,0
70000,0,0,0,0,1,2,1,4,50,10,54
8600,1800,0,0,1,1,2,1,4,32,12,60
0,15000,0,0,0,1,2,0,2,27,12,25
50000,30000,0,0,0,2,3,0,4,50,10,35
14000,0,0,0,0,2,3,0,4,27,11,40
87000,0,0,0,0,1,4,1,4,34,12,40
-5,0,0,0,0,1,3,0,3,31,9,42.2999992370605
65000,70000,0,0,0,2,1,0,2,37,12,40
22000,-5,0,0,0,2,3,NA,2,40,12,60
3000,0,0,0,0,1,1,0,3,42,1,6
0,0,0,0,0,1,3,1,1,24,0,0
0,0,0,0,0,2,1,1,4,50,0,0
0,0,0,0,0,1,2,1,2,69,0,0
4000,38000,0,0,0,1,3,1,4,46,12,35
28000,0,0,0,0,2,NA,0,4,31,12,50
-5,0,0,0,0,2,3,1,2,20,9,40
0,0,0,0,0,1,1,1,4,26,0,0
0,0,0,0,0,2,3,1,2,75,0,0
32000,0,0,0,0,1,1,0,3,42,12,50
0,7500,0,0,0,2,1,1,1,42,11,40
45000,0,0,0,0,1,1,0,4,48,12,40
31000,0,0,0,0,1,2,0,2,23,12,40
-5,0,0,0,0,2,NA,NA,3,41.3242301940918,12,40
1920,0,0,1,0,2,NA,0,3,34,12,72
-5,-5,0,0,0,1,2,0,4,60,12,42.2999992370605
-5,0,0,0,0,2,3,1,2,40,12,40
50000,0,0,0,0,1,2,0,4,27,10,45
-5,0,0,0,0,2,3,0,3,46,12,35
0,0,0,0,0,1,1,0,4,64,0,0
0,17500,0,0,0,1,1,0,2,63,12,35
0,0,0,0,0,1,1,NA,NA,54,0,0
18000,0,0,0,0,1,NA,0,4,30,12,70
22500,-5,0,0,0,1,3,1,2,26,3,35
0,0,0,0,0,2,1,0,3,83,0,0
38000,0,0,0,0,1,3,1,3,19,12,50
56000,0,0,0,0,1,3,0,4,25,12,45
20000,0,0,0,0,2,2,1,4,26,6,20
35000,0,0,0,0,2,3,1,4,37,12,40
47500,0,0,0,0,1,3,0,2,28,12,45
0,0,0,0,0,2,2,1,2,56,0,0
-5,0,0,0,0,2,3,0,4,41,12,42.2999992370605
0,0,0,0,0,1,3,0,4,62,0,0
0,0,0,0,0,2,2,0,2,77,0,0
11000,-5,0,0,0,2,2,1,1,27,12,50
58000,84000,0,0,0,2,3,0,3,30,12,40
0,0,1,0,0,2,2,1,2,55,0,0
2300,0,0,0,0,1,4,1,3,18,4,20
0,60000,0,0,0,1,2,1,3,59,12,40
12000,0,0,1,0,2,2,1,3,49,12,40
45000,0,0,0,0,1,1,0,3,31,12,40
-5,0,0,0,0,1,3,0,4,65,12,50
0,0,0,0,0,2,2,1,2,23,0,0
40000,0,0,0,0,2,3,0,4,27,12,35
14000,0,0,0,0,1,3,0,2,29,8,60
26400,27000,0,0,0,1,2,1,3,30,12,40
10000,10000,0,0,0,1,4,1,4,45,10,40
76000,0,0,0,0,2,3,0,4,63,12,37
0,0,0,0,0,2,1,0,2,67,0,0
0,-5,0,0,0,2,1,0,2,23,12,40
6960,0,0,0,0,2,3,1,1,49,12,12
130000,30000,0,0,0,1,1,0,4,34,12,40
0,-5,0,0,0,2,1,1,2,55,12,40
0,0,0,0,0,1,4,1,1,21,0,0
0,0,0,0,0,1,1,0,3,76,0,0
18900,0,1,0,0,2,1,0,2,49,12,35
26000,0,0,0,0,2,1,0,4,24,12,40
-5,-5,0,0,0,1,1,0,4,54,12,35
10500,10500,0,0,0,1,1,1,4,43,12,24
45000,0,0,0,0,1,2,0,2,64,12,37
20000,0,0,0,0,2,1,0,4,22,12,40
34000,0,0,0,0,2,1,0,4,29,12,30
140000,0,0,0,0,2,2,0,3,37,12,20
4300,0,0,0,0,2,1,0,4,31,12,40
15000,-5,0,0,0,2,1,0,4,30,4,35
90000,0,0,0,0,2,1,0,3,57,12,40
120000,100000,0,0,0,2,1,0,4,24,12,90
30000,60000,0,0,0,2,3,1,4,41,12,40
0,0,0,0,0,2,3,0,2,48,0,0
120000,0,0,0,0,2,3,0,4,63,10,15
-5,46000,0,0,0,2,1,0,4,41,11,50
20712,0,1,0,1,2,2,0,3,30,12,40
0,0,1,0,0,2,2,0,1,58,0,0
-5,0,0,0,0,1,1,0,4,44,12,42.2999992370605
32000,380000,0,0,0,2,2,1,3,31,12,40
9000,0,0,0,0,2,2,0,4,23,6,35
36000,0,0,0,0,2,2,0,3,31,12,40
0,0,0,0,0,1,1,1,4,24,0,0
0,-5,0,0,0,2,3,1,1,31,12,40
-5,0,0,0,0,2,3,0,3,21,12,30
0,0,0,0,0,2,1,0,2,76,0,0
41000,42000,0,0,0,2,2,0,2,44,11,36
20000,0,0,0,0,1,3,1,2,27,6,40
31000,32000,0,0,0,1,3,1,3,28,12,38
0,0,0,0,0,1,1,0,2,75,0,0
5000,0,0,0,0,2,3,0,3,23,9,22
23300,0,0,0,0,2,2,1,1,48,12,54
1560,-5,0,0,0,2,3,1,2,23,3,40
0,0,0,0,0,2,2,0,2,60,0,0
0,-5,0,0,0,1,3,1,1,42,12,40
54000,30000,0,0,0,1,2,0,4,59,12,40
0,0,0,0,0,1,1,0,1,89,0,0
-5,-5,0,0,0,2,2,0,2,39,12,65
0,0,0,0,0,2,3,0,1,61,0,0
19200,60000,0,0,0,1,3,0,2,36,12,80
60000,0,0,0,0,2,3,1,4,35,12,40
0,0,0,0,0,2,2,0,1,18,0,0
30000,0,0,0,0,1,1,0,4,32,12,40
40000,30000,0,0,0,2,1,0,1,37,12,20
65000,35000,0,0,0,1,1,0,4,46,12,35
0,0,0,0,0,1,1,0,4,71,0,0
26200,0,0,0,0,1,3,1,1,48,12,30
0,11000,0,0,0,2,3,1,1,20,12,63
-5,0,0,0,0,1,1,0,3,37,12,55
17500,0,0,0,0,2,3,0,1,62,12,25
26500,0,0,0,0,2,2,1,4,26,12,35
0,0,0,0,0,2,4,0,3,78,0,0
-5,-5,0,0,0,1,1,0,3,54,12,50
-5,0,0,0,0,2,3,0,1,19,11,42.2999992370605
20000,0,0,0,0,2,4,0,3,32,12,30
20000,0,0,0,0,1,1,0,3,73,8,40
14000,0,0,0,0,1,2,1,4,40,12,40
100000,50000,0,0,0,1,2,0,4,39,12,70
22000,0,0,0,0,2,2,1,4,46,12,40
0,0,1,0,0,2,4,0,2,54,0,0
1000,100000,0,0,0,2,1,0,4,60,6,40
0,0,0,0,0,2,3,1,3,22,0,0
200000,125000,0,0,0,1,1,0,4,57,12,50
75000,45000,0,0,0,2,4,1,4,37,9,35
0,0,0,0,0,2,4,1,4,21,0,0
20000,35000,0,0,0,1,2,0,2,32,12,40
80000,30000,0,0,0,1,1,1,4,49,12,40
40000,60000,0,0,0,1,1,0,3,37,12,55
50000,35000,0,0,0,1,1,0,4,35,12,40
0,14000,0,0,0,1,3,1,1,49,10,40
-5,-5,0,0,0,1,1,0,4,39,12,45
27500,0,0,0,0,1,2,1,2,36,12,45
12000,0,0,0,0,2,3,1,3,25,12,25
0,-5,0,0,0,2,1,0,4,40,12,40
20800,0,0,0,0,2,2,0,2,42,6,40
55000,0,0,0,0,2,1,0,4,50,12,40
5000,0,0,0,0,2,3,0,2,18,6,25
48000,0,0,0,0,1,3,1,4,38,12,40
0,0,0,0,0,2,3,1,2,38,0,0
90000,8000,0,0,0,1,1,0,4,45,12,50
23000,0,0,0,0,2,3,0,3,39,12,35
14000,0,0,0,0,1,3,1,2,21,10,40
40000,0,0,0,0,1,3,1,2,50,10,40
2000,0,0,1,0,2,1,0,2,57,2,30
0,-5,0,0,0,2,3,1,1,27,12,45
6000,-5,0,0,0,1,2,1,2,34,7,20
17000,15000,0,0,0,2,3,0,3,21,12,45
28000,40000,0,0,0,1,2,0,2,34,12,38
0,0,0,0,0,1,NA,NA,2,23,0,0
6000,0,0,0,0,1,2,1,1,52,6,40
85000,0,0,0,0,1,1,0,3,53,12,80
45000,0,0,0,0,1,3,1,2,30,12,40
0,-5,0,0,0,2,3,0,2,28,12,42.2999992370605
15000,150000,0,0,0,2,1,0,4,52,12,50
60000,60000,0,0,0,2,4,1,4,28,12,40
2500,0,0,0,0,2,3,0,2,55,12,80
0,10896,0,0,0,1,2,1,3,37,12,37
0,0,1,0,0,1,2,0,3,54,0,0
30000,0,0,0,0,2,3,0,3,30,12,40
28000,20000,0,0,0,2,1,0,4,32,10,20
0,0,0,0,0,2,1,0,4,50,0,0
140000,3500,0,0,0,1,1,0,4,45,12,50
5000,0,0,0,0,2,4,0,4,22,3,35
0,0,0,0,0,1,3,1,3,21,0,0
50000,0,0,0,0,2,2,0,3,43,12,40
70000,65000,0,0,0,2,1,1,4,55,9,35
-5,0,0,0,0,2,1,0,3,59,12,30
-5,0,0,0,0,1,3,0,3,65,11,35
0,-5,0,0,0,2,1,0,4,32,12,50
0,0,0,0,0,2,3,0,1,62,0,0
75000,0,0,0,0,1,1,0,4,58,12,60
-5,0,0,0,0,1,1,0,3,55,12,55
30000,0,0,0,0,1,1,0,4,38,5,40
0,0,0,0,0,2,3,0,3,41,0,0
-5,-5,0,0,0,2,1,1,2,41.3242301940918,12,35
33000,0,0,0,0,2,NA,0,3,50,12,37
0,0,1,0,0,2,3,1,1,77,0,0
3000,15000,0,0,1,2,2,0,3,28,12,42
30000,95000,0,0,0,1,3,0,4,29,12,40
0,-5,0,0,0,2,3,1,1,34,12,50
6000,0,0,0,0,2,3,0,2,24,9,8
100000,0,0,0,0,2,1,0,3,50,12,60
33000,0,0,0,0,2,3,0,3,21,12,40
130000,90000,0,0,0,1,1,0,2,52,12,45
3000,90000,0,0,0,2,3,0,4,27,12,60
0,0,0,0,0,1,1,0,1,88,0,0
0,0,0,0,0,2,2,0,3,65,0,0
0,0,0,0,0,2,1,0,2,75,0,0
0,0,0,0,0,2,2,NA,NA,41.3242301940918,0,0
28000,38000,0,0,0,2,2,1,2,31,12,36
0,0,0,0,0,2,1,1,1,85,0,0
14000,0,0,0,0,1,3,0,1,41,7,40
-5,0,0,0,0,2,1,0,4,54,12,45
22000,5000,0,0,0,2,3,1,2,46,12,50
0,6400,0,0,0,2,2,1,2,21,11,42.2999992370605
43200,0,0,0,0,1,3,1,3,37,9,35
-5,-5,0,0,0,2,1,0,4,31,12,50
100000,0,0,0,0,2,3,0,2,31,12,40
13200,1000,0,0,0,2,2,1,3,26,11,8
4500,-5,0,0,0,2,3,0,1,32,9,40
30000,17500,0,0,0,2,2,1,2,43,12,50
5000,0,0,0,0,2,2,0,2,20,5,24
5000,100000,0,0,0,2,1,0,4,47,12,50
-5,0,0,0,0,2,1,0,4,48,12,50
120000,90000,0,0,0,1,1,0,4,51,12,50
5000,0,0,0,0,2,3,0,2,18,12,40
-5,-5,0,0,0,2,NA,0,4,41.3242301940918,12,80
14832,0,0,0,0,2,2,0,1,57,12,60
0,-5,1,0,0,2,3,1,1,45,12,40
32000,0,0,0,0,2,1,0,4,24,12,45
24000,0,0,0,0,2,2,0,3,36,12,35
0,0,0,0,0,2,1,0,4,39,0,0
29000,0,0,0,0,1,3,1,2,31,12,46
25000,0,0,0,0,1,1,0,4,53,12,40
-5,0,0,0,0,2,1,NA,4,60,11,21
-5,0,0,0,0,1,3,1,2,30,1,40
38400,15600,0,0,0,2,3,0,2,18,12,80
12000,0,0,0,0,2,2,0,2,19,3,30
29000,-9,0,0,0,1,2,1,1,62,12,40
0,0,0,0,0,1,1,0,4,70,0,0
0,0,0,0,0,1,1,0,2,72,0,0
0,0,0,0,0,2,1,0,2,88,0,0
0,0,0,0,0,2,1,0,2,72,0,0
6720,0,0,0,0,1,2,0,1,20,8,35
30000,0,0,0,0,2,3,1,3,24,12,35
11000,0,0,0,0,2,3,1,3,21,12,40
30000,0,0,0,0,2,2,0,3,41,12,46
0,0,1,0,0,2,3,0,1,60,0,0
-5,-5,0,0,0,1,1,1,4,50,12,40
8000,0,0,1,0,1,2,1,2,35,8,40
-5,0,0,0,0,1,3,1,1,32,12,40
-9,-5,0,0,0,2,1,NA,2,41.3242301940918,11,40
0,0,0,0,0,2,2,1,2,54,0,0
0,0,0,0,0,1,1,0,1,80,0,0
60000,50000,0,0,0,1,2,0,3,32,12,40
30000,0,0,0,0,1,2,0,4,40,12,60
-5,-5,0,0,0,2,1,0,4,38,12,40
0,0,0,0,0,1,1,1,1,65,0,0
0,0,0,0,0,1,1,0,2,57,0,0
27000,0,0,0,0,1,1,0,4,23,12,40
10000,-5,0,0,0,1,1,NA,4,55,12,50
72000,36000,0,0,0,2,3,0,1,25,12,10
8000,0,0,0,0,1,4,0,3,19,11,25
0,0,0,0,0,2,1,0,4,40,0,0
8000,12000,0,0,0,2,3,1,1,26,12,40
-5,0,0,0,0,1,4,1,4,31,12,5
16000,0,0,0,0,2,1,0,3,29,12,60
25000,5000,1,1,0,1,2,1,3,25,12,8
0,0,0,0,0,2,3,0,3,18,0,0
-5,0,0,0,0,1,1,0,2,41,12,50
0,-5,0,0,0,2,1,0,2,57,12,42.2999992370605
0,0,0,0,0,1,1,0,4,89,0,0
60000,0,0,0,0,2,3,0,3,31,12,40
9000,0,0,0,0,1,3,1,1,20,12,25
48000,48000,0,0,0,1,1,0,4,32,12,50
46000,0,0,0,0,2,2,0,2,40,12,40
37000,54000,0,0,0,2,1,0,4,27,12,40
-5,0,0,0,0,1,2,1,4,68,10,30
50000,-5,0,0,0,1,1,1,4,54,12,50
100000,-5,0,0,0,2,3,1,4,38,12,35
35000,0,0,0,0,2,2,0,3,27,10,35
0,0,0,0,0,1,2,1,1,30,0,0
0,-5,0,0,0,2,4,1,4,36,12,48
15000,0,0,0,0,2,2,0,2,52,12,50
0,0,0,0,0,2,2,0,3,52,0,0
-5,-5,0,0,0,2,3,1,2,27,7,40
28000,0,0,0,0,2,3,0,4,40,12,35
0,0,0,0,0,1,3,0,1,67,0,0
17500,0,0,0,0,1,3,0,2,45,12,40
12000,40000,0,0,0,2,1,1,4,52,12,40
40000,70000,0,0,0,2,1,0,4,41,12,50
17000,0,0,0,0,1,2,1,3,54,8,40
100000,0,0,0,0,1,1,0,4,36,12,50
10400,0,0,0,0,2,3,1,2,23,12,48
8250,0,0,0,0,2,2,0,2,25,10,10
35000,39000,0,0,0,1,3,0,3,30,12,40
-5,0,0,0,0,1,1,0,3,24,12,35
62000,0,0,0,0,2,3,1,3,48,11,37
-5,-5,0,0,0,2,3,0,2,49,12,40
75000,0,0,0,0,1,1,0,4,65,12,30
40000,80000,0,0,0,1,1,0,4,33,12,40
0,0,0,0,0,2,3,1,2,18,0,0
125000,38000,0,0,0,1,1,0,2,30,12,70
0,9600,0,0,0,2,3,1,1,26,12,66
13000,0,0,0,0,2,2,1,2,36,12,10
84000,0,0,0,0,1,1,0,4,28,12,50
5000,0,0,0,0,1,3,1,2,60,11,20
22500,0,0,0,0,2,2,1,1,64,12,60
0,0,0,0,0,2,2,1,1,75,0,0
4000,-9,0,0,0,2,2,1,2,30,5,0
0,0,0,0,0,2,2,0,3,64,0,0
220,12000,0,1,0,2,3,0,3,24,10,8
0,0,1,0,0,2,3,0,2,71,0,0
130000,0,0,0,0,1,1,0,4,28,12,65
30000,0,0,0,0,1,1,0,4,52,12,40
35000,35000,0,0,0,1,2,0,3,42,12,35
6000,0,0,0,0,1,3,0,2,20,10,20
750000,2500000,0,0,0,2,2,0,4,43,12,70
0,100000,0,0,0,2,1,0,4,45,12,80
60000,55000,0,0,0,2,1,0,4,35,12,60
20000,0,0,0,0,1,3,1,4,34,12,20
32000,0,0,0,0,2,1,0,4,22,10,40
4000,0,0,0,0,1,4,1,2,19,5,24
65000,0,0,0,0,2,3,1,4,50,12,35
43000,0,0,0,0,1,1,0,2,34,12,40
90000,0,0,0,0,1,1,0,4,35,12,35
22000,0,0,0,0,2,2,0,3,26,12,40
0,0,1,0,0,2,3,0,2,43,0,0
75000,0,0,0,0,1,NA,0,3,48,12,40
-5,50000,0,0,0,1,1,0,4,31,12,20
62000,49000,0,0,0,1,2,1,3,51,12,35
130000,50000,0,0,0,1,1,0,3,37,12,60
-5,0,0,0,0,2,3,1,2,51,10,40
33000,40000,0,0,0,2,2,NA,1,38,12,60
0,0,0,0,0,1,2,0,4,70,0,0
0,0,0,0,0,2,1,1,1,60,0,0
0,0,0,0,0,2,1,1,4,79,0,0
35000,20000,0,0,0,1,4,1,3,50,12,40
0,480000,0,0,0,1,4,1,3,33,12,40
12000,20000,0,0,0,2,2,1,2,40,12,42.2999992370605
20000,45000,0,0,0,1,1,0,4,21,12,55
0,0,0,0,0,1,1,0,2,36,0,0
-5,-5,0,0,0,2,NA,1,4,41,12,30
20000,0,0,0,0,2,3,0,4,30,12,35
30000,30000,0,0,0,2,2,1,4,35,12,40
-5,0,0,0,0,2,1,0,4,53,12,50
-5,-5,0,0,0,2,2,0,4,32,12,40
27000,0,0,0,0,2,2,1,4,49,12,40
10000,0,0,0,1,2,2,1,2,19,9,20
10000,15000,0,0,0,2,3,1,1,43,12,42.2999992370605
0,0,0,0,0,2,3,1,2,60,0,0
0,0,0,0,0,1,1,1,2,71,0,0
35200,0,0,0,0,2,3,0,3,40,12,40
31000,45000,0,0,0,1,2,0,4,25,12,40
0,0,0,0,0,1,3,0,1,75,0,0
30000,0,0,0,0,1,1,1,3,23,12,42
27500,0,0,0,0,1,2,0,2,49,12,35
16000,16000,0,0,0,1,4,1,3,36,8,60
5000,7500,0,0,0,2,3,1,3,28,12,48
6720,0,0,0,0,1,3,1,1,19,11,45
0,0,0,0,0,1,1,0,4,42,0,0
0,0,0,0,0,2,3,0,1,18,0,0
25000,37000,0,0,0,2,3,0,1,49,12,40
0,0,1,1,0,2,3,0,1,65,0,0
0,0,0,0,0,1,1,1,2,75,0,0
28000,0,0,0,0,2,3,0,1,36,12,35
0,0,0,0,0,1,1,0,2,69,0,0
0,0,1,0,0,2,3,0,1,56,0,0
25000,0,0,0,0,2,2,1,2,23,12,35
-5,-5,0,0,0,2,3,1,2,26,10,40
20000,20000,0,0,0,2,2,0,2,44,12,35
0,0,0,0,0,2,2,0,1,72,0,0
140000,550000,0,0,0,2,1,0,4,51,12,65
60000,-5,0,0,0,2,1,0,4,27,12,50
100000,0,0,0,0,1,1,0,3,35,8,55
0,-5,0,0,0,2,3,1,1,41.3242301940918,12,42.2999992370605
-5,-5,0,0,0,2,NA,0,4,41.3242301940918,12,40
9600,0,0,0,0,2,2,0,1,27,12,40
60000,0,0,0,0,1,1,0,4,57,12,50
22000,0,0,0,0,2,1,0,4,24,9,35
0,0,0,0,0,1,4,1,4,74,0,0
38000,0,0,0,0,1,2,0,2,33,12,40
14000,-5,0,0,0,2,1,1,3,38,7,40
-5,0,0,0,0,1,2,1,NA,40,12,40
75000,0,0,0,0,1,2,0,3,33,12,40
38000,0,0,0,0,2,1,1,2,40,12,36
4000,0,0,0,0,2,4,0,3,21,5,20
55000,32000,0,0,0,1,2,0,2,48,12,50
9000,0,0,0,0,2,3,0,3,20,12,10
0,28800,0,0,0,2,1,1,2,31,12,40
30000,0,0,0,0,1,4,0,4,22,9,40
-5,0,0,0,0,2,1,0,2,50,7,40
0,0,0,0,0,2,1,0,2,86,0,0
15600,0,0,0,0,2,3,1,2,33,12,47
36000,0,0,0,0,1,2,1,4,50,12,37
0,0,0,0,0,2,3,0,1,55,0,0
-5,0,0,0,0,2,2,0,3,44,12,40
0,0,0,0,0,2,3,1,2,23,0,0
-9,0,0,0,0,2,2,0,2,20,0,0
24000,0,0,0,0,1,1,0,4,26,12,30
0,10000,0,0,0,1,3,1,1,47,7,35
46000,0,0,0,0,2,2,1,4,49,12,37
27000,100000,0,0,0,1,4,1,4,45,12,40
0,0,0,0,0,2,1,0,2,78,0,0
22500,0,0,0,0,1,3,1,2,19,12,45
45000,51000,0,0,0,1,4,1,2,50,12,60
0,0,0,0,0,2,2,0,2,69,0,0
13000,23000,0,0,0,2,3,1,3,43,12,35
7200,0,0,0,0,1,3,1,1,38,12,40
50000,0,0,0,0,1,3,0,4,27,12,43
18500,25000,0,0,1,2,2,0,3,24,12,30
27500,-5,0,0,1,2,2,1,3,55,6,42.2999992370605
18000,2000,0,0,0,1,4,1,4,44,12,50
0,0,0,0,0,2,1,1,1,80,0,0
160000,-5,0,0,0,2,2,0,2,30,10,35
16000,32000,0,0,0,1,1,0,4,27,12,40
13200,300,0,0,0,1,2,1,2,25,11,40
140000,100000,0,0,0,2,1,0,4,49,12,55
0,0,0,0,0,2,2,0,1,75,0,0
5000,0,0,1,0,1,2,0,2,47,3,6
50000,60000,0,0,0,1,1,0,2,47,12,35
3000,0,0,0,0,2,2,0,2,24,12,40
0,0,0,0,0,1,1,0,1,80,0,0
0,0,0,0,0,2,3,0,1,69,0,0
-5,0,0,0,0,2,1,0,4,37,12,40
100000,0,0,0,0,1,1,0,3,54,12,50
65000,0,0,0,0,1,3,0,2,23,12,40
-5,0,0,0,0,2,NA,0,2,50,12,45
114000,191000,0,0,0,2,1,1,2,37,11,60
28000,30000,0,0,0,2,1,1,4,30,12,40
110000,0,0,0,0,2,2,0,4,62,12,40
40000,77000,0,0,0,1,1,0,3,43,12,47
0,0,0,0,0,2,3,1,1,26,0,0
0,0,0,0,0,1,2,0,1,81,0,0
0,0,0,0,0,2,1,1,2,80,0,0
35000,0,0,0,0,2,2,0,2,40,10,35
60000,80000,0,0,0,1,2,1,4,46,12,60
0,0,0,0,0,2,1,0,1,32,0,0
43000,0,0,0,0,2,3,0,4,39,12,50
5000,7500,0,0,0,2,1,1,2,30,12,50
40000,0,0,0,0,2,3,0,4,30,12,40
0,0,0,0,0,2,1,0,3,49,0,0
40000,0,0,0,0,1,2,1,2,40,10,40
30000,0,0,0,0,1,2,0,2,34,12,37
35000,0,0,0,0,1,NA,NA,2,33,12,45
10000,0,0,0,0,2,1,1,4,51,5,40
0,0,1,0,0,2,3,0,1,41,0,0
2000,0,0,0,0,1,1,0,4,85,11,6
450000,45000,0,0,0,2,2,0,4,52,12,35
55000,0,0,0,0,2,2,1,4,56,12,38
16200,0,0,0,0,1,2,1,3,21,9,45
-5,-5,0,0,0,1,1,0,4,54,12,40
0,0,0,0,0,2,1,1,3,84,0,0
65000,0,0,0,0,1,1,0,2,35,12,40
1850,0,0,0,0,2,3,0,3,55,2,50
-5,0,0,0,0,2,2,1,NA,41.3242301940918,11,42.2999992370605
70000,0,0,0,0,1,1,0,3,39,12,60
50000,0,0,0,0,2,2,0,3,47,12,4
240000,0,0,0,0,1,4,1,4,28,12,50
1500000,0,0,0,0,1,1,1,4,39,12,50
0,0,0,0,0,1,3,1,4,27,0,0
-5,0,0,0,0,1,4,1,4,55,9,80
100000,40000,0,0,0,1,4,1,4,32,12,50
0,0,0,0,0,2,NA,1,4,48,0,0
5000,0,0,0,0,2,2,NA,3,25,11,60
0,0,0,0,0,1,2,0,1,97,0,0
6000,40000,0,0,0,2,4,1,3,43,11,40
6400,0,0,0,0,2,2,1,2,28,8,22
0,0,0,0,0,1,1,0,2,33,0,0
0,-5,0,0,0,2,3,1,1,34,12,42.2999992370605
0,0,0,0,0,2,3,0,1,54,0,0
22000,0,0,0,0,2,1,0,4,27,10,32
0,0,0,0,0,2,NA,NA,2,80,0,0
0,-5,0,0,0,2,1,0,2,42,12,35
30000,0,0,0,0,2,4,1,3,22,12,50
45000,0,0,0,0,2,2,1,3,31,12,35
62000,0,0,0,0,1,3,0,2,30,12,50
25000,35000,0,0,0,2,1,0,2,54,10,35
-5,0,0,0,0,2,3,1,1,58,11,35
31000,29000,0,0,0,2,3,0,4,42,10,40
23000,21000,0,0,0,1,3,1,2,57,12,40
10000,100,0,0,0,1,3,0,4,35,12,50
19200,0,0,0,0,2,3,0,3,24,12,70
6000,0,0,0,0,1,3,1,3,29,11,40
8000,20000,0,0,0,2,3,1,3,26,12,30
-5,0,0,0,0,1,4,1,3,21,8,40
30000,0,0,0,0,1,2,0,4,24,12,30
-5,-5,0,0,0,1,4,1,3,38,12,40
30000,2400,0,0,0,1,2,1,4,34,12,40
80000,91000,0,0,0,2,2,0,4,37,12,50
61000,0,0,0,0,1,4,0,3,38,12,40
36000,37000,0,0,0,2,1,0,4,30,12,40
20000,35000,0,0,0,2,1,0,3,35,12,50
30000,0,0,0,0,2,1,0,2,57,12,35
14000,0,0,0,0,1,4,1,2,38,6,56
10000,0,0,0,0,1,4,1,1,30,10,30
0,0,0,0,0,2,3,1,4,45,0,0
-5,0,0,0,0,2,2,0,2,58,12,40
30000,0,0,0,0,2,1,0,2,55,12,35
38000,50000,0,0,0,2,3,1,4,40,11,40
26000,0,0,0,0,1,NA,0,2,51,12,37
65000,60000,0,0,0,2,1,0,3,40,12,40
11200,0,0,0,0,2,2,1,3,41,8,40
0,0,0,0,0,1,2,0,1,70,0,0
45000,0,0,0,0,2,1,0,3,37,9,40
64800,0,0,0,0,2,1,0,2,28,12,38
82000,250000,0,0,0,2,1,1,4,39,12,60
21000,0,0,0,0,1,2,1,4,25,12,42
3200,0,0,0,0,2,3,0,2,26,8,15
80000,0,0,0,0,1,4,0,3,47,12,55
0,0,0,1,0,1,3,0,1,50,0,0
0,0,0,0,0,1,3,1,1,26,0,0
0,0,0,0,0,2,1,1,4,41.3242301940918,0,0
2900,3400,0,0,0,2,2,NA,2,48,12,40
0,0,0,0,0,2,3,0,2,75,0,0
19000,0,0,0,0,1,2,1,3,40,12,46
1400,0,0,0,0,2,2,0,1,18,3,50
0,30000,0,0,0,2,2,0,3,31,9,40
71000,0,0,0,0,2,3,0,4,29,12,42.2999992370605
3600,30000,0,0,0,2,1,0,3,35,12,50
0,0,0,0,0,2,3,0,3,41.3242301940918,0,0
0,0,0,0,0,2,2,0,1,47,0,0
50000,40000,0,0,0,1,1,0,4,28,12,40
40000,0,0,0,0,2,3,1,4,30,12,40
0,-5,0,0,0,2,1,1,1,58,10,44
650,-5,0,0,0,1,3,1,4,30,11,10
0,0,1,0,0,2,1,0,2,81,0,0
0,-5,0,0,0,2,3,1,NA,50,12,42.2999992370605
0,0,1,0,0,1,3,0,1,70,0,0
35000,0,0,0,0,2,2,0,3,32,12,37
60000,0,0,0,0,2,2,0,4,47,12,35
35000,0,0,0,0,2,3,0,4,25,12,30
0,0,0,0,0,2,2,0,1,70,0,0
-5,0,0,0,0,1,3,1,3,33,10,40
43000,0,0,0,0,2,2,1,3,53,12,37
-5,0,0,0,0,2,4,1,3,22,12,35
610,0,0,0,0,1,1,0,4,80,3,3
0,0,0,0,0,1,2,1,3,80,0,0
14400,0,0,0,0,2,3,1,2,31,12,40
-5,0,0,0,0,1,3,1,1,39,4,50
0,-5,0,0,0,2,4,0,4,58,12,40
8000,74000,0,0,0,1,4,0,4,23,12,40
-5,-5,0,0,0,2,4,1,4,25,12,45
48000,520000,0,0,0,2,NA,0,4,39,12,16
0,-5,0,0,0,2,1,0,2,44,12,40
60000,0,0,0,0,1,1,0,2,50,12,35
648,-5,0,0,0,2,2,1,1,47,1,32
24600,0,0,0,0,2,2,1,3,42,12,38
0,0,0,0,0,1,2,0,2,18,0,0
45000,0,0,0,0,1,2,0,2,27,12,50
0,0,0,0,0,2,2,0,4,26,0,0
70000,70000,0,0,0,2,1,0,3,49,12,40
0,0,0,0,0,1,1,1,2,26,0,0
39000,0,0,0,0,2,2,0,3,49,12,37
6000,0,0,0,0,1,3,1,1,33,3,40
78000,80000,0,0,0,1,1,0,4,27,9,65
0,0,0,0,0,2,2,0,3,65,0,0
100000,0,0,0,0,2,1,0,4,54,12,45
45000,0,0,0,0,2,1,1,4,28,12,55
37000,0,0,0,0,1,3,1,1,61,10,60
45000,0,0,0,0,1,1,0,4,24,12,40
0,0,0,1,0,2,3,0,1,36,0,0
-5,0,0,0,0,1,1,0,2,40,11,40
63000,0,0,0,0,1,1,0,2,46,12,40
75000,0,0,0,0,2,1,0,4,31,12,55
-5,0,0,0,0,1,1,0,3,19,4,40
13440,0,0,0,0,1,2,1,2,18,12,24
-5,-5,0,0,0,2,3,1,1,23,12,42.2999992370605
-5,0,0,0,0,2,3,0,3,19,2,40
0,0,0,0,0,1,2,1,2,22,0,0
30000,0,0,0,0,1,1,1,4,24,12,30
-5,-9,0,0,0,2,4,1,2,32,12,40
5000,0,0,0,0,1,1,0,3,23,1,15
0,50000,0,0,0,1,2,0,3,58,12,40
8400,0,0,0,0,1,2,0,2,27,3,30
0,0,0,1,0,2,3,1,3,22,0,0
39000,0,0,0,0,1,3,0,1,37,12,35
500,0,0,0,0,2,2,1,3,50,2,10
-5,0,0,0,0,2,3,1,1,44,12,40
55000,0,0,0,0,1,1,0,4,51,12,40
0,1800,0,0,0,2,1,0,4,77,11,42.2999992370605
0,21600,0,0,0,1,2,0,3,70,12,40
16000,5000,0,0,0,1,2,1,3,31,12,60
77000,65000,0,0,0,1,1,0,4,46,12,37
50000,50000,0,0,0,2,2,1,4,35,12,40
0,0,0,0,0,2,1,0,3,85,0,0
33000,0,0,0,0,2,1,0,4,30,12,44
0,0,0,0,0,2,2,1,2,74,0,0
0,0,0,0,0,2,2,0,2,19,0,0
-5,0,0,0,0,2,3,1,1,61,10,72
54000,75000,0,0,0,2,2,0,3,35,12,64
5760,0,0,0,0,1,3,1,2,41.3242301940918,1,40
-5,0,0,0,0,1,4,1,4,41.3242301940918,12,50
-9,0,0,0,0,2,1,0,3,41.3242301940918,0,0
19200,0,0,0,0,1,3,0,2,38,12,40
58000,0,0,0,0,2,2,0,3,59,12,60
0,0,0,0,0,2,3,1,4,68,0,0
0,0,0,0,0,1,4,1,4,24,0,0
0,0,0,1,0,2,2,0,1,74,0,0
-5,-5,0,0,0,2,3,1,2,42,11,40
0,0,0,0,0,1,3,0,3,74,0,0
70000,0,0,0,0,2,1,0,4,31,9,60
100000,100000,0,0,0,1,1,0,4,55,12,60
16500,0,0,0,0,1,3,1,1,41,12,40
100000,0,0,0,0,1,4,0,4,38,12,40
100000,0,0,0,0,1,1,0,4,72,12,35
-5,-5,0,0,0,2,1,0,4,29,12,60
68000,0,0,0,0,2,2,0,4,47,12,42.2999992370605
19200,21600,0,0,0,2,3,0,3,32,12,40
10000,52000,0,0,0,1,3,1,1,53,12,40
52000,0,0,0,0,2,1,0,4,54,10,32
12000,0,0,0,0,1,3,1,3,31,12,65
12500,0,0,0,0,2,4,0,3,25,4,6
43000,35000,0,0,0,1,3,1,4,30,12,40
28000,0,0,0,0,1,3,1,1,42,12,40
45000,45000,0,0,0,2,1,0,2,46,12,40
10000,-5,0,0,0,2,1,0,3,60,12,16
130000,35000,0,0,0,2,1,0,4,34,12,50
0,0,0,0,0,2,4,1,2,50,0,0
30000,0,0,0,0,1,1,0,4,46,12,35
600000,0,0,0,0,2,2,0,4,47,12,70
6000,0,0,1,0,2,3,0,1,18,9,30
-5,-5,0,0,0,2,2,0,3,58,12,35
-5,0,0,0,0,2,1,NA,2,29,12,42.2999992370605
50000,-5,0,0,0,1,2,1,4,40,12,40
10000,0,0,0,0,1,3,0,1,54,12,40
0,0,0,0,0,2,3,1,3,39,0,0
42000,0,0,0,0,2,1,1,4,34,12,85
12000,0,0,1,0,1,2,0,2,40,11,50
17500,5000,0,0,0,1,2,0,2,41,12,40
16000,22000,0,0,0,2,2,1,2,31,12,60
0,0,1,0,0,2,3,1,3,71,0,0
-5,0,0,0,0,1,NA,1,4,72,2,6
32000,40000,0,0,0,2,1,1,4,52,12,60
5000,0,0,0,0,2,3,0,3,26,5,25
0,-5,0,0,0,1,3,1,1,33,9,40
45000,0,0,0,0,2,2,0,4,35,6,50
60000,35000,0,0,0,1,4,1,2,34,12,40
1320,0,0,0,0,1,2,0,2,19,3,30
29000,0,0,0,0,2,2,1,2,51,12,56
0,50000,0,0,0,2,3,0,2,43,12,8
165000,0,0,0,0,1,1,0,4,38,12,50
35000,0,0,0,0,1,1,0,4,31,12,40
27500,35000,0,0,0,2,1,0,4,27,12,40
5000,100000,0,0,0,2,1,0,4,26,12,40
55000,42500,0,0,0,2,2,1,3,38,12,50
40000,0,0,0,0,2,1,0,4,31,10,30
0,0,0,0,0,2,1,1,4,77,0,0
0,0,0,0,0,2,1,0,2,75,0,0
0,0,0,0,0,2,1,0,3,47,0,0
-9,0,0,0,0,2,2,1,NA,70,0,0
0,0,0,0,0,1,2,0,4,40,0,0
0,0,1,0,0,1,3,0,1,28,0,0
16000,40000,0,0,0,2,1,0,2,57,12,40
-5,-5,0,0,0,2,3,1,1,22,10,40
0,0,0,0,0,1,3,0,1,18,0,0
54200,0,0,0,0,2,1,1,2,38,12,40
0,0,1,0,0,2,1,1,2,84,0,0
-5,0,0,0,0,1,2,0,2,38,12,7
4000,0,0,0,0,2,1,0,4,64,6,40
53000,0,0,0,0,2,1,0,4,63,12,55
0,75000,0,0,0,2,NA,1,4,35,12,9
30000,21600,0,0,0,1,3,1,1,54,12,40
18000,0,0,0,0,2,3,1,3,40,12,40
100000,500000,0,0,0,2,1,0,4,54,12,35
12000,0,0,0,0,1,4,1,3,58,12,40
34000,0,0,0,0,2,2,0,3,29,12,40
-5,-5,0,0,0,2,4,0,2,27,12,35
14000,0,0,0,1,2,2,0,4,30,7,40
35000,17500,0,0,0,1,3,1,3,51,10,40
25000,0,0,0,0,2,2,0,2,49,12,37
0,0,0,0,0,2,1,0,2,53,0,0
9600,0,0,0,0,2,1,1,2,21,12,40
1920,0,0,1,0,2,2,0,2,26,3,20
0,0,0,0,0,1,3,1,1,24,0,0
24000,0,0,0,0,2,2,0,2,51,12,40
-5,0,0,0,0,1,1,0,2,41,12,35
40000,0,0,0,0,1,1,0,3,61,12,37
0,35000,0,0,0,2,3,1,2,24,12,45
5000,0,0,1,0,2,2,0,2,36,4,4
10000,12500,0,0,0,2,2,1,1,59,12,42
-5,0,0,0,0,2,4,0,4,23,12,40
-5,-5,0,0,0,2,1,0,4,58,12,50
450000,0,0,0,0,1,3,NA,4,35,12,70
-5,0,0,0,0,1,1,0,4,26,12,40
350000,0,0,0,0,2,1,0,4,55,12,60
14400,0,0,0,0,1,3,1,1,70,12,30
35000,0,0,0,0,2,2,0,3,38,12,37
32000,30000,0,0,0,2,1,0,4,26,9,45
-9,-9,0,0,0,2,3,NA,3,44,0,0
40000,0,0,0,0,2,4,1,4,38,12,37
0,0,0,0,0,2,2,0,1,75,0,0
0,0,0,0,0,2,1,0,2,80,0,0
80000,54000,0,0,0,2,3,1,4,41,12,30
100000,0,0,0,0,1,1,0,4,37,12,40
2640,17500,0,0,0,2,4,1,2,32,12,50
36000,0,0,0,0,2,3,0,3,34,12,32
45000,0,0,0,0,2,2,0,4,28,10,40
50000,0,0,0,0,1,4,1,4,24,12,40
52000,95000,0,0,0,2,1,0,4,59,12,35
36000,65000,0,0,0,2,1,0,4,27,12,80
0,-5,0,0,0,1,3,0,4,53,12,40
55000,0,0,0,0,2,2,0,3,43,12,40
17500,17500,0,0,0,1,4,1,NA,58,12,40
-5,-5,0,0,0,1,1,0,3,43,12,40
20000,32000,0,0,0,2,2,1,3,22,12,45
0,-5,0,0,0,2,3,1,2,28,12,40
26000,0,0,0,0,1,3,0,2,22,12,40
9984,0,0,0,0,2,3,1,2,33,12,48
0,0,0,0,0,2,2,0,2,56,0,0
15000,0,0,0,0,2,3,1,3,49,12,32
-5,0,0,0,0,1,3,1,4,42,12,35
100000,0,0,0,0,1,1,0,4,37,12,40
0,0,0,0,0,2,3,1,1,51,0,0
0,0,0,0,0,2,1,0,2,77,0,0
0,0,0,0,0,1,1,0,4,66,0,0
0,50000,0,0,0,1,1,0,3,75,12,50
-5,-5,0,0,0,2,1,0,2,43,9,25
-5,-9,0,0,0,2,1,0,3,28,11,42.2999992370605
-5,-5,0,0,0,1,NA,0,4,41.3242301940918,11,40
0,0,0,0,0,2,3,1,4,70,0,0
-5,0,0,0,0,1,4,1,4,45,12,40
0,0,1,0,0,2,2,0,3,79,0,0
50000,80000,0,0,0,2,1,0,3,49,12,35
40000,82000,0,0,0,2,1,0,4,44,12,35
-5,24000,0,0,0,1,4,1,4,61,12,30
30000,35000,0,0,0,2,2,0,2,44,12,40
40000,200000,0,0,0,2,1,0,4,35,12,50
80000,0,0,0,0,1,1,0,4,29,12,65
80000,100000,0,0,0,2,1,1,4,54,12,72
75000,0,0,0,0,2,NA,1,4,48,9,45
85000,130000,0,0,0,2,4,1,4,32,12,80
0,0,1,0,0,1,3,1,3,64,0,0
70000,0,0,0,0,1,2,0,4,41.3242301940918,12,35
25000,-5,0,0,0,2,1,0,3,43,12,40
12000,0,0,0,0,2,1,0,4,28,4,40
0,0,0,0,0,2,1,0,2,78,0,0
25000,41000,0,0,0,2,3,1,3,28,12,40
61000,25000,0,0,0,2,1,0,4,52,12,35
10800,0,0,0,0,1,3,1,1,24,10,40
0,35000,0,0,0,2,4,1,4,26,12,40
35000,0,0,0,0,1,2,0,2,33,12,40
0,0,1,0,0,1,1,0,3,58,0,0
0,40000,0,0,0,2,1,0,3,56,10,35
6000,-5,0,0,0,2,1,1,3,37,6,26
23000,0,0,0,0,2,2,0,4,38,12,40
40000,60000,0,0,0,1,3,1,3,29,12,40
19200,0,0,0,0,2,2,0,4,52,12,48
-5,0,0,0,0,2,1,0,4,36,12,40
95000,0,0,0,0,1,NA,0,4,31,9,40
0,-5,0,0,0,2,1,0,3,47,12,42.2999992370605
15000,0,0,0,0,1,1,0,4,27,9,30
0,0,0,0,0,2,1,0,4,60,0,0
18000,33600,0,0,0,2,2,0,2,35,12,40
0,17500,0,0,0,2,4,1,1,30,12,42.2999992370605
23000,0,0,0,0,2,2,0,2,38,12,40
-5,-5,0,0,0,1,3,1,3,37,12,35
10000,0,0,0,0,2,3,1,3,18,12,16
3000,30000,0,0,0,2,4,1,3,29,12,40
1040,0,0,1,0,2,3,1,1,38,2,35
-5,0,0,1,0,2,3,1,1,27,12,40
8000,15000,0,1,0,2,2,0,2,26,8,60
8000,0,0,0,0,2,2,1,3,27,6,12
7000,0,0,1,0,1,2,0,2,44,10,8
21000,21000,0,0,0,2,2,1,4,32,12,40
-5,-5,0,0,0,1,NA,0,4,41.3242301940918,12,50
-5,0,0,0,0,1,1,1,4,30,12,45
2880,19200,0,0,0,1,4,1,3,26,12,40
300000,30000,0,0,0,1,1,0,4,55,12,50
110000,0,0,0,0,1,1,0,4,57,12,45
0,0,0,0,0,1,3,0,1,79,0,0
7000,0,0,0,0,2,3,1,1,49,12,50
70000,0,0,0,0,1,1,1,4,34,8,30
-5,0,0,0,0,2,1,1,2,70,12,7
9500,0,0,0,0,1,1,1,2,23,12,27
0,12000,0,0,0,2,3,1,1,40,12,40
-5,0,0,0,0,1,2,0,2,28,8,42.2999992370605
0,0,0,0,0,1,2,0,1,71,0,0
62000,0,0,0,0,2,1,0,4,31,12,45
0,200000,0,0,0,2,1,0,4,44,12,60
0,0,0,0,0,2,2,0,2,74,0,0
400000,400000,0,0,0,2,1,0,2,49,12,30
0,100000,0,0,0,2,1,0,4,29,12,75
28000,7500,0,0,0,2,2,0,4,33,12,40
8400,0,0,0,0,2,3,1,1,45,7,40
0,0,1,0,0,1,1,0,3,38,0,0
0,0,0,0,0,2,3,1,2,65,0,0
0,0,0,0,0,2,1,0,3,68,0,0
-5,0,0,0,0,1,4,1,2,18,11,42.2999992370605
12500,-9,0,0,0,2,2,1,2,30,12,35
70000,70000,0,0,0,2,2,0,4,54,12,40
0,0,0,0,0,1,2,1,1,64,0,0
46000,0,0,0,0,2,2,1,3,44,12,61
0,35000,0,0,0,2,2,1,1,62,12,40
0,12000,0,0,0,2,4,1,1,47,2,42.2999992370605
0,0,0,0,0,1,1,0,2,60,0,0
0,-5,0,0,0,2,1,0,4,60,12,40
32000,40000,0,0,0,2,3,0,1,22,12,40
-5,-5,0,0,0,2,3,1,3,27,10,35
10000,0,0,0,0,2,2,0,3,21,11,35
0,0,0,0,0,2,2,0,2,70,0,0
30000,0,0,0,0,1,NA,1,3,27,12,60
27000,0,0,0,0,2,3,1,3,38,12,35
55000,100000,0,0,0,2,1,0,4,53,12,40
0,0,0,0,0,1,2,0,1,38,0,0
10000,0,0,0,0,1,4,1,3,52,12,40
35000,0,0,0,0,2,3,0,2,31,12,35
100000,20000,0,0,0,1,3,1,4,34,12,60
35000,0,0,0,0,2,2,1,4,35,12,37
45000,0,0,0,0,2,1,0,4,43,12,50
9000,0,0,0,0,2,1,1,3,33,11,30
0,0,0,0,0,2,1,0,4,72,0,0
25000,0,0,0,0,1,4,1,4,23,12,35
6400,0,0,0,0,2,4,0,3,22,8,20
0,-9,1,0,0,2,3,0,2,49,0,0
0,0,1,0,0,1,3,0,1,41,0,0
50000,0,0,0,0,2,2,1,4,55,12,35
30000,-5,0,0,0,2,4,1,3,40,12,40
0,160000,0,0,0,2,1,0,4,34,12,50
100000,40000,0,0,0,1,1,0,3,52,12,45
3000,0,0,0,0,1,2,0,2,21,7,30
70000,-9,0,0,0,2,1,0,4,63,10,40
7200,0,0,1,0,2,3,1,2,29,12,40
3600,0,0,0,0,2,2,1,4,22,6,30
0,0,0,0,0,2,1,0,2,45,0,0
-5,-5,0,0,0,1,1,0,4,41.3242301940918,12,50
52000,0,0,0,0,2,1,0,3,50,12,40
50000,350000,0,0,0,2,1,1,4,37,12,60
0,0,0,0,0,1,2,1,2,51,0,0
35000,0,0,0,0,2,1,0,3,36,12,40
0,0,1,0,0,2,2,0,1,39,0,0
35000,0,0,0,0,2,2,0,2,64,12,40
35000,50000,0,0,0,1,1,0,4,27,12,40
150000,0,0,0,0,2,1,0,4,66,12,40
0,0,0,0,0,2,1,0,4,60,0,0
40000,0,0,0,0,1,4,1,4,55,12,35
-5,0,0,0,0,1,4,1,3,53,9,50
-5,-5,0,0,0,2,1,0,4,50,12,45
0,35000,0,0,0,2,3,1,3,26,12,40
0,0,0,0,0,2,3,1,1,73,0,0
0,0,0,0,0,2,3,0,2,85,0,0
20000,29000,0,0,0,2,2,1,2,46,12,45
-5,0,0,0,0,2,1,0,2,18,12,50
0,0,0,0,0,1,2,1,2,34,0,0
100000,0,0,0,0,1,1,0,4,75,12,42.2999992370605
-5,0,0,0,0,2,2,1,1,50,12,12
8000,17500,0,0,0,2,NA,0,3,28,12,42.2999992370605
0,0,0,0,0,1,1,0,4,42,0,0
9600,0,0,0,0,2,3,1,2,36,6,10
70000,60000,0,0,0,2,1,0,3,45,12,50
0,-5,0,0,0,2,1,0,2,40,12,42.2999992370605
54000,0,0,0,0,2,1,0,2,61,4,40
40000,55000,0,0,0,2,1,0,4,24,12,60
0,0,0,0,0,2,2,0,3,70,0,0
30000,0,1,0,0,2,3,0,2,46,6,60
42000,70000,0,0,0,2,2,1,2,33,12,60
2400,0,0,0,0,1,4,NA,3,18,12,40
130000,0,0,0,0,1,1,0,4,53,12,40
19000,41000,0,0,0,2,2,1,1,51,12,40
0,0,0,0,0,2,1,0,3,20,0,0
-5,0,0,0,0,2,NA,0,3,41.3242301940918,12,40
3640,0,0,0,0,1,2,0,1,18,7,25
19200,0,0,0,0,2,3,0,2,29,12,40
0,0,0,0,0,2,2,1,1,72,0,0
400000,0,0,0,0,2,2,NA,4,50,12,40
4800,0,0,0,0,1,3,1,1,45,12,40
23000,0,0,0,0,1,1,1,2,43,12,60
46000,47000,0,0,0,1,1,0,4,30,12,40
-5,-5,0,0,0,2,4,1,3,53,12,40
52000,45000,0,0,0,2,2,0,4,41.3242301940918,12,40
12000,0,0,0,0,2,1,0,3,21,12,40
0,0,0,0,0,2,3,1,2,49,0,0
75000,95000,0,0,0,2,2,1,4,31,12,50
0,-5,0,0,0,2,1,NA,3,56,12,42.2999992370605
0,0,0,0,0,1,2,0,1,72,0,0
24000,42000,0,0,0,2,1,0,2,24,12,40
-5,0,0,0,0,1,2,1,2,42,12,40
-5,0,0,0,0,1,4,1,2,23,10,40
0,0,0,0,0,2,2,0,4,60,0,0
600,0,0,0,0,2,3,1,3,21,2,10
-5,0,0,0,0,1,1,1,4,37,12,40
-5,0,0,0,0,1,NA,NA,NA,41.3242301940918,12,60
25000,30000,0,0,0,2,2,0,2,27,12,40
40000,60000,0,0,0,2,2,1,3,21,12,45
8000,-5,0,0,0,2,4,1,2,49,9,42.2999992370605
12500,0,0,0,0,2,3,1,3,21,12,40
0,0,0,0,0,2,1,0,4,87,0,0
5000,0,0,0,0,2,3,0,2,18,4,40
20000,2000,0,0,0,1,3,1,2,52,12,40
3000,100000,0,0,0,2,1,1,4,63,12,40
31000,0,0,0,0,2,1,0,4,26,12,40
-5,0,0,0,0,2,4,0,4,26,3,40
0,0,0,0,0,2,2,0,2,49,0,0
35000,0,0,0,0,1,3,1,3,50,11,49
7500,0,0,0,0,2,2,1,2,36,12,70
-5,0,0,0,0,2,3,1,3,55,12,55
12500,0,0,0,0,2,2,0,2,57,12,22
38000,0,0,0,0,2,2,0,3,38,8,40
0,0,0,0,0,2,1,0,4,81,0,0
40000,28000,0,0,0,1,1,0,3,31,12,48
4800,0,0,0,0,2,3,1,2,20,6,40
35000,0,0,0,0,2,1,0,4,29,12,40
6000,100000,0,0,0,2,1,1,4,41,4,50
0,7440,0,0,0,2,1,0,2,23,12,30
0,0,0,1,0,1,3,0,3,56,0,0
0,0,0,0,0,1,1,0,2,65,0,0
50000,20000,0,0,0,2,1,0,2,47,12,40
24000,0,0,0,0,2,4,1,4,64,12,50
0,-5,1,0,0,1,2,0,2,63,12,42.2999992370605
0,0,0,0,0,2,1,1,2,75,0,0
0,0,0,0,0,1,2,0,3,53,0,0
0,31200,1,0,0,2,2,0,2,51,12,40
2520,0,0,0,0,2,3,1,1,39,7,40
0,0,0,0,0,1,3,0,2,47,0,0
0,0,0,0,0,2,1,0,3,55,0,0
75000,0,0,0,0,2,1,0,3,60,3,35
34000,0,0,0,0,2,3,1,4,30,12,35
20000,0,0,0,0,1,2,0,3,27,12,40
17500,-5,0,0,0,2,2,0,3,59,6,32
80000,60000,0,0,0,1,1,1,4,41,12,42.2999992370605
24000,0,0,0,0,1,2,1,1,35,12,40
50000,0,0,0,0,1,1,0,4,56,9,55
-5,-5,0,0,0,2,1,0,4,27,12,42.2999992370605
0,0,1,1,0,2,3,0,2,63,0,0
0,0,0,0,0,2,NA,0,4,81,0,0
63000,0,0,0,0,1,2,0,3,58,12,50
0,0,0,0,0,1,3,0,2,70,0,0
0,0,0,0,0,2,2,NA,NA,70,0,0
0,0,0,0,0,2,1,0,3,60,0,0
0,0,0,0,0,1,2,0,2,72,0,0
0,0,0,0,0,2,1,0,2,81,0,0
70000,0,0,0,0,1,1,1,3,59,12,40
-5,-5,0,0,0,1,1,0,4,48,12,50
32000,45000,0,0,0,1,2,0,3,38,12,40
7500,0,0,0,0,2,1,0,3,38,12,42.2999992370605
0,0,0,0,0,2,3,0,1,65,0,0
9000,60000,0,0,0,2,1,0,4,40,12,40
400000,100000,0,0,0,1,1,0,4,34,12,45
30000,0,0,0,0,1,2,0,2,25,12,40
22500,17500,0,0,0,1,2,0,1,36,12,40
0,0,1,0,0,2,3,1,1,47,0,0
60000,0,0,0,0,1,4,1,4,45,12,40
64000,48000,0,0,0,1,2,0,3,35,12,65
18000,19000,0,0,0,2,1,0,2,33,12,50
65000,45000,0,0,0,2,1,0,3,33,9,45
17500,100000,0,0,0,2,3,1,4,39,12,60
7500,-5,0,0,0,2,3,1,2,19,4,40
10800,0,0,1,0,2,2,0,2,25,12,36
50000,14000,0,0,0,2,4,1,3,42,12,40
5000,45000,0,0,0,2,1,0,4,37,12,40
0,0,1,1,1,2,2,0,2,29,0,0
6000,60000,0,0,0,2,3,0,3,40,12,40
23000,0,0,0,0,2,3,0,3,35,12,35
139000,0,0,0,0,1,1,0,2,37,12,60
0,0,0,0,0,2,1,0,3,57,0,0
22500,25000,0,0,0,2,1,0,3,50,12,40
-5,-5,0,0,0,1,NA,NA,3,41.3242301940918,10,60
6000,0,0,0,0,2,3,0,3,30,12,40
0,0,0,0,0,2,3,0,2,30,0,0
0,-5,0,0,0,2,2,1,2,31,12,42.2999992370605
50000,19000,0,0,0,2,3,0,4,35,12,5
4700,0,0,0,0,1,3,0,1,36,12,40
75000,75000,0,0,0,1,1,0,2,42,12,50
80000,200000,0,0,0,2,1,0,4,41,12,50
20000,0,0,0,0,1,3,1,1,34,12,50
60000,140000,0,0,0,2,1,0,4,43,12,42.2999992370605
45000,100000,0,0,0,2,1,0,4,45,12,50
50000,40000,0,0,0,2,2,0,3,45,12,50
0,0,1,1,0,2,2,0,3,72,0,0
6000,35000,0,0,0,2,3,0,2,35,12,40
55000,60000,0,0,0,1,1,0,3,43,12,45
0,0,0,0,0,2,3,0,1,55,0,0
17500,0,0,1,0,2,3,0,2,25,3,40
-5,33000,0,0,0,2,1,1,2,24,10,45
53000,58000,0,0,0,2,3,0,2,30,12,40
51000,0,0,0,0,2,3,0,3,46,12,50
0,26000,0,0,0,2,2,1,4,30,12,50
24000,32000,0,0,0,2,1,1,4,44,12,44
-5,0,1,0,0,2,2,1,1,41,12,40
35000,18000,0,0,0,1,3,1,1,40,9,40
20000,-5,0,0,0,2,2,0,2,35,12,20
60000,30000,0,0,0,1,1,0,4,40,12,40
0,0,0,0,0,2,2,0,3,35,0,0
0,-5,0,0,0,2,2,1,1,49,12,42.2999992370605
0,0,0,0,0,2,3,0,2,32,0,0
-5,0,0,1,0,2,3,0,1,35,12,40
0,100000,0,0,0,2,1,0,4,37,12,60
27500,0,0,0,0,1,1,1,3,59,12,9
50000,0,0,0,0,2,1,0,4,37,12,40
27000,0,0,0,0,1,4,1,4,34,10,40
7500,7500,0,0,0,2,3,1,1,38,6,32
30000,-9,0,0,0,2,3,1,2,30,12,50
31440,0,0,0,0,2,2,0,2,46,12,42.2999992370605
80000,67000,0,0,0,2,4,0,4,37,11,37
15000,0,0,0,0,2,3,0,3,38,12,40
35000,0,0,0,0,2,2,0,2,59,7,40
27000,60000,0,0,0,2,3,0,3,30,12,70
32000,9000,0,0,0,1,3,1,1,49,12,40
43000,0,0,0,0,2,1,0,4,50,5,35
22800,21000,0,0,0,2,2,0,4,28,12,30
5760,12000,0,0,0,2,3,1,1,24,12,42.2999992370605
32000,0,0,0,0,2,4,1,3,38,12,36
0,60000,0,0,0,1,2,0,2,49,12,36
0,0,0,0,0,2,4,1,NA,41.3242301940918,0,0
37000,29000,0,0,0,2,2,0,2,28,9,44
25000,25000,0,0,0,1,2,0,2,36,10,35
17000,20000,0,0,0,2,4,NA,4,38,12,40
62000,62000,0,0,0,1,4,1,3,40,12,55
60000,0,0,0,0,1,1,1,1,39,12,84
65000,0,0,0,0,2,2,0,4,36,12,37
-5,-5,0,0,0,2,1,0,2,41.3242301940918,12,42.2999992370605
0,60000,0,0,0,2,2,0,3,50,12,46
7000,16000,0,0,0,2,2,0,2,35,12,35
12800,50000,0,0,0,2,3,0,4,48,12,48
0,0,0,0,0,2,2,0,2,53,0,0
18000,0,0,0,0,2,2,0,3,33,12,40
16320,0,0,0,0,2,2,1,1,37,11,45
60000,0,0,0,0,1,1,0,1,43,12,50
45000,-5,0,0,0,1,2,1,3,41,12,40
0,7500,0,0,0,2,4,1,4,36,12,30
37000,35000,0,0,0,1,2,0,2,37,12,40
0,35000,0,0,0,2,1,1,2,20,12,49
-5,-5,0,0,0,1,4,1,3,38,12,20
19200,0,0,0,0,1,3,1,NA,54,12,40
0,50000,0,0,0,1,3,0,4,30,12,25
26000,0,0,0,0,2,3,0,2,27,12,40
2000,35000,0,0,0,2,2,0,3,21,12,45
-5,0,0,0,0,1,4,NA,4,55,12,40
27500,0,0,0,0,2,3,0,1,37,11,40
0,0,1,0,0,2,2,1,1,47,0,0
0,8000,1,0,0,2,3,0,3,45,5,30
0,20000,0,0,0,2,1,1,3,51,10,40
35000,0,0,0,0,1,2,0,3,34,12,42.2999992370605
24000,0,0,1,0,1,2,0,4,36,12,40
0,7200,0,1,0,2,1,0,2,25,6,40
7500,-5,0,0,0,2,1,1,4,54,12,42.2999992370605
10000,400,0,0,0,2,3,1,2,31,12,16
80000,0,0,0,0,2,2,1,3,32,12,50
-5,0,0,1,0,2,3,0,1,33,1,40
17500,0,0,0,0,2,1,0,2,39,1,40
30000,0,0,0,0,1,3,1,2,47,11,38
3540,0,0,1,0,2,3,1,1,34,3,40
60000,30000,0,0,0,1,4,1,4,46,12,40
11592,0,0,0,0,2,2,1,1,41,12,41
33000,0,0,0,0,2,3,0,4,45,12,37
50000,90000,0,0,0,2,4,1,4,30,12,50
50000,0,0,0,0,2,2,0,4,30,12,40
14000,0,0,0,0,2,3,1,1,42,11,42.2999992370605
3600,0,0,0,0,2,3,1,3,35,12,30
19000,0,0,0,0,2,2,0,3,22,10,40
500,18000,0,0,0,1,4,1,1,41,12,40
45000,55000,0,0,0,2,1,0,2,45,12,40
69000,0,0,0,0,2,2,0,3,38,12,40
20000,27000,0,0,0,2,3,0,3,38,12,80
30000,30000,0,0,0,1,1,1,4,27,12,40
12000,0,0,0,0,2,3,1,1,38,12,40
20000,50000,0,0,0,2,1,0,4,44,12,40
32000,35000,0,0,0,2,2,1,3,40,12,40
0,95000,0,0,0,2,1,0,4,42,12,42
26880,0,1,0,0,2,2,0,2,33,12,30
0,24000,0,0,0,2,3,1,2,31,12,40
0,0,0,1,0,1,2,0,1,51,0,0
0,28000,0,0,0,2,1,0,3,53,12,37
7000,27000,0,0,0,2,3,0,3,26,12,40
500000,60000,0,0,0,1,2,0,4,50,12,60
21000,0,0,0,1,2,2,1,4,40,4,40
18000,22000,0,0,0,2,3,1,2,25,12,50
100000,50000,0,0,0,1,2,1,4,45,12,40
22000,30000,0,0,0,2,2,NA,1,40,12,72
-5,-5,0,0,0,1,4,1,4,39,12,50
0,70000,0,0,0,1,4,1,4,47,12,37
35000,35000,0,0,0,2,3,1,1,37,12,40
14000,0,0,0,0,2,2,0,2,36,6,32
6000,6000,0,0,0,1,4,1,2,45,8,50
8100,15600,0,0,0,2,3,0,1,25,12,40
6960,0,0,0,0,2,3,1,1,25,2,40
0,0,0,1,0,2,3,1,1,34,0,0
40000,65000,0,0,0,1,2,0,2,37,12,9
0,0,1,1,0,2,2,0,1,58,0,0
75000,100000,0,0,0,2,2,0,4,28,12,45
32000,0,0,0,0,1,3,0,3,35,12,40
7500,0,0,1,0,2,3,1,2,28,11,40
-5,-5,0,0,0,1,3,1,1,25,11,40
18000,0,0,0,0,2,2,1,2,45,12,60
50000,4800,0,0,0,1,3,0,2,48,12,40
3000,15000,0,0,0,2,3,0,2,28,12,40
14400,0,0,1,0,1,NA,NA,2,34,6,50
7500,45000,0,0,0,2,1,0,3,46,12,40
0,70000,0,0,0,2,1,0,4,47,12,50
-5,0,0,0,0,2,3,1,1,57,12,48
54000,70000,0,0,0,1,4,1,4,52,12,42.2999992370605
40000,40000,0,0,0,2,4,1,4,41.3242301940918,12,27
16000,50000,0,0,0,2,2,0,3,27,12,40
17500,-5,0,0,0,1,2,1,3,30,12,35
40000,0,0,0,0,1,1,0,4,51,7,35
8000,10000,0,0,1,2,4,1,2,36,12,40
0,17500,0,0,0,1,3,0,1,23,12,40
7500,0,0,0,0,2,4,1,2,43,11,24
7500,-5,0,0,0,1,2,1,2,38,6,42.2999992370605
-5,0,0,0,0,1,1,0,4,45,12,40
0,50000,0,0,0,2,1,0,2,35,12,40
35000,45000,0,0,0,2,2,1,3,33,12,42.2999992370605
31700,0,0,0,0,2,3,0,4,42,12,37
30000,0,0,0,0,2,2,1,3,38,12,40
-5,-5,0,0,0,2,1,0,4,41.3242301940918,12,50
6000,50000,0,0,0,2,2,0,3,23,12,40
45000,-5,0,0,0,2,2,0,4,38,10,34
7000,-5,0,0,0,1,2,1,3,40,7,40
0,0,0,0,0,2,4,0,2,28,0,0
0,0,0,0,0,2,3,0,1,40,0,0
15000,31000,0,0,0,1,3,1,1,48,11,40
0,0,0,0,0,2,4,1,3,51,0,0
0,-9,0,0,0,1,2,0,2,35,0,0
58000,0,0,0,0,2,3,0,3,31,12,40
0,0,0,0,0,1,3,0,2,54,0,0
0,0,0,0,0,2,1,0,2,69,0,0
31000,0,0,0,0,1,3,1,3,48,12,40
35000,40000,0,0,0,2,2,1,3,41.3242301940918,12,40
12500,35000,0,0,0,2,3,0,2,44,12,40
40000,39000,0,0,0,2,1,1,3,41,12,40
7200,0,0,1,0,2,3,1,4,32,12,40
40000,40000,0,0,0,2,1,NA,4,41.3242301940918,12,50
90000,8000,0,0,0,1,1,1,4,41,10,45
9000,0,0,0,0,2,3,1,4,39,12,40
54000,70000,0,0,0,2,2,1,2,40,12,36
43000,0,0,0,0,2,2,0,4,53,12,40
0,16800,0,0,0,2,3,1,1,25,12,40
250000,0,0,0,0,1,1,0,3,35,12,70
18000,-5,0,0,0,1,4,0,1,58,12,42.2999992370605
40000,35000,0,0,0,2,2,0,4,40,12,54
1280,300,0,0,0,2,3,1,1,19,6,42.2999992370605
23000,0,0,0,0,2,3,0,3,22,12,37
-5,-5,0,0,0,2,4,1,4,41.3242301940918,12,40
0,700000,0,0,0,2,1,0,4,44,12,60
0,30000,0,0,0,2,1,1,3,37,12,50
45000,50000,0,0,0,1,1,0,4,28,11,37
26000,0,0,0,1,2,3,0,2,39,11,40
60000,40000,0,0,0,1,3,1,4,38,12,40
9600,-5,0,0,0,2,3,1,1,40,12,35
0,-5,0,0,0,2,1,0,2,33,12,40
55000,0,0,0,0,2,1,0,3,47,12,40
65000,150000,0,0,0,2,1,0,4,39,12,55
30000,0,0,0,0,2,2,0,3,37,12,37
0,48000,0,0,0,2,2,0,2,31,12,45
80000,0,0,0,0,1,4,0,2,18,12,60
0,0,0,0,0,2,2,0,4,41.3242301940918,0,0
0,0,0,1,0,2,3,0,1,26,0,0
17000,28000,0,0,0,2,3,0,3,33,12,35
25000,0,0,0,0,1,2,1,4,48,12,42.2999992370605
30000,55000,0,0,0,2,3,0,2,26,12,55
45000,0,0,0,0,2,2,1,4,45,10,36
40000,45000,0,0,0,2,3,1,2,33,12,40
0,0,0,0,0,2,3,0,3,34,0,0
-5,-5,0,0,0,2,1,0,3,42,12,42.2999992370605
27500,0,0,0,0,2,3,1,4,29,12,46
11000,0,0,1,0,2,2,0,2,40,12,15
0,-5,0,0,0,2,3,1,1,34,10,60
0,0,0,0,0,2,1,0,3,44,0,0
0,15000,0,0,0,2,3,1,2,33,12,48
8000,8300,0,0,0,2,4,1,1,47,12,40
0,0,0,1,1,2,2,1,2,20,0,0
15000,0,0,1,0,2,3,0,1,36,2,20
9000,62000,0,0,0,2,3,1,3,29,12,45
0,-5,0,0,0,2,1,0,3,40,12,40
130000,0,0,0,0,1,1,0,4,50,12,60
75000,55000,0,0,0,2,2,0,4,40,12,37
2400,0,0,0,0,2,3,0,4,41,11,8
37000,35000,0,0,0,2,3,1,4,33,12,40
27500,25000,0,0,0,2,2,0,2,25,12,37
0,0,0,0,0,1,NA,0,1,32,0,0
20000,0,0,0,0,2,2,0,2,24,10,20
15000,0,0,0,0,1,4,1,2,46,12,48
19000,34000,0,0,0,2,3,1,4,47,12,60
27500,5000,1,0,0,1,3,0,4,55,12,35
11520,12000,0,0,0,1,2,1,1,51,10,40
0,-5,0,0,0,2,1,0,4,50,12,42.2999992370605
27500,35000,0,0,0,2,2,1,2,43,12,42.2999992370605
38000,38000,0,0,0,2,1,0,4,45,12,43
7000,-5,0,0,0,2,3,0,2,47,12,20
0,10000,1,0,0,2,1,0,2,36,12,26
0,0,1,0,0,2,3,0,1,51,0,0
52000,85000,0,0,0,2,1,0,4,53,12,40
34000,0,0,0,0,2,2,0,3,37,12,35
0,250000,0,0,0,2,1,0,4,53,12,70
85000,55000,0,0,0,2,3,0,3,30,12,68
40000,40000,0,0,0,2,3,0,4,28,12,40
0,0,0,1,0,2,3,1,2,36,0,0
12500,0,0,0,0,2,2,1,1,45,12,32
17000,0,0,0,0,1,3,1,1,24,10,11
45000,0,0,0,0,2,1,0,4,43,12,40
8500,0,0,0,0,1,4,1,2,52,12,60
1200,0,0,0,0,2,2,1,1,44,11,42.2999992370605
21600,14400,0,0,0,1,3,1,2,38,12,48
17000,20000,0,0,0,2,3,0,2,22,12,55
0,0,0,0,0,2,3,1,1,38,0,0
5400,50000,0,0,0,2,1,0,3,40,12,60
90000,110000,0,0,0,2,1,0,4,52,12,40
-5,-5,0,0,0,1,1,0,4,47,12,25
5500,35000,0,0,0,2,2,0,3,24,12,40
36000,0,0,0,0,2,2,0,4,37,12,35
30000,40000,0,0,0,2,2,0,3,33,12,40
12500,-5,0,0,0,2,1,0,4,38,12,10
7500,17500,0,0,0,1,3,0,1,20,12,45
0,-5,0,0,0,2,3,0,3,30,12,42.2999992370605
32000,40000,0,0,0,1,2,0,4,38,12,42
0,100000,0,0,0,2,1,0,2,41,12,70
0,0,0,0,0,1,1,0,2,57,0,0
7200,0,0,0,0,2,2,1,1,38,12,40
28800,0,0,0,0,1,3,1,2,42,12,40
3840,0,0,0,0,2,3,1,3,34,12,50
18500,0,0,0,0,2,2,0,2,25,12,40
0,-5,0,0,0,2,3,0,1,32,12,42.2999992370605
25000,0,0,0,0,2,3,0,3,34,12,40
17500,55000,0,0,0,2,3,1,3,28,12,40
0,0,0,0,0,2,2,0,3,70,0,0
95000,30000,0,0,0,1,2,0,3,43,12,40
0,43000,0,0,0,1,1,0,2,73,12,46
170000,20000,0,0,0,1,1,0,4,32,12,50
0,0,0,0,0,2,1,0,4,41,0,0
22000,0,0,0,0,1,1,1,4,35,12,60
11000,0,0,0,0,2,3,1,1,38,12,33
12000,100000,0,0,0,2,1,1,4,32,12,40
0,100000,0,0,0,2,4,1,4,45,12,45
37500,44300,0,0,0,2,3,1,4,40,12,40
17600,0,0,0,0,1,3,1,1,51,11,64
20016,101000,0,0,0,2,2,0,2,37,12,90
-5,-5,0,0,0,2,NA,0,3,41,12,40
48000,0,0,0,0,1,3,0,3,37,12,35
0,50000,0,0,0,2,3,1,3,36,12,40
28800,0,0,0,0,2,3,1,1,38,12,40
25000,25000,0,0,0,1,4,1,2,53,12,36
32000,10000,0,0,0,1,3,1,3,43,12,38
43000,0,0,0,0,1,3,0,3,32,12,40
11000,0,0,0,0,2,2,0,2,41,12,40
1920,26400,0,0,0,2,3,1,4,37,12,47
-5,-5,0,0,0,1,1,1,4,33,11,30
16000,0,0,0,0,2,3,1,4,38,12,40
0,17500,0,0,0,2,3,1,3,44,12,40
0,24000,0,0,0,1,1,0,3,31,6,25
4000,70000,0,0,0,2,3,0,2,52,12,35
90000,10000,0,0,0,1,1,0,4,35,12,70
27552,27360,0,0,0,2,2,1,3,41,12,42.2999992370605
0,35000,0,0,0,2,3,1,1,28,10,40
45000,70000,0,0,0,1,2,0,3,62,9,46
10000,0,0,0,0,1,2,0,2,38,4,38
0,0,0,0,0,2,3,0,1,23,0,0
33000,0,0,0,0,2,3,0,2,21,12,5
30000,100000,0,0,0,2,1,0,4,45,12,80
0,-5,0,0,0,2,1,0,2,45,12,50
0,0,0,0,0,2,1,1,3,34,0,0
-5,-5,0,0,0,2,2,1,3,25,6,35
0,0,0,0,0,1,3,1,4,38,0,0
0,0,1,0,0,2,2,1,4,48,0,0
35000,39000,0,0,0,2,2,0,3,25,11,42.2999992370605
0,0,0,0,0,2,3,0,2,27,0,0
-5,100000,0,0,0,2,1,0,4,56,12,60
17500,0,0,1,0,2,1,0,1,49,12,30
35000,0,0,0,0,2,3,0,3,42,12,40
0,-5,0,0,0,2,NA,0,2,24,10,30
66000,2500,0,0,0,1,4,1,3,34,12,48
0,35000,1,0,0,2,3,1,4,32,12,12
16000,3500,0,0,0,1,3,1,2,29,10,40
-5,0,0,0,0,2,2,1,3,40,11,40
9600,0,0,0,0,2,3,1,1,40,12,40
48000,85000,0,0,0,2,3,0,3,32,12,40
22000,0,0,0,0,2,3,1,2,44,12,55
17500,0,0,0,0,1,3,1,2,27,9,40
5000,5000,0,0,0,1,4,1,1,46,7,50
60000,170000,0,0,0,2,1,0,4,45,12,50
125000,170000,0,0,0,1,1,0,4,42,12,50
-5,0,0,0,0,1,1,0,4,41.3242301940918,12,42.2999992370605
31500,0,0,0,0,2,4,1,3,41,12,45
17500,22500,0,0,0,2,2,1,NA,41.3242301940918,12,40
25000,0,0,0,0,1,2,1,2,48,8,40
3520,14400,0,0,0,2,3,1,1,34,12,50
23000,500,0,0,0,2,4,1,4,25,9,40
17500,0,0,0,0,2,3,1,3,42,12,40
0,0,0,1,0,2,3,1,1,44,0,0
32500,0,0,0,0,2,2,1,3,38,12,40
24000,24000,0,0,0,2,3,0,1,45,12,48
244800,0,0,0,0,2,3,0,2,41,12,35
-5,0,0,1,0,2,NA,NA,3,59,12,40
26400,45000,0,0,0,2,3,1,2,34,7,56
-5,0,0,0,0,2,3,0,2,39,12,45
6500,-5,0,0,0,2,1,0,2,30,10,20
30000,42000,0,0,0,1,3,0,3,41,12,40
40000,10000,0,0,0,1,3,1,4,42,12,50
0,41000,0,0,0,2,3,0,2,25,12,35
40000,25000,0,0,0,1,1,0,3,38,12,40
0,70000,0,0,0,2,1,0,2,28,12,42
100000,15000,0,0,0,1,1,1,4,38,12,40
10080,0,0,1,0,2,3,1,2,38,12,38
100000,125000,0,0,0,2,1,0,4,38,12,40
24000,55000,0,0,0,2,1,0,3,46,12,40
60000,80000,0,0,0,2,2,1,4,40,12,60
15000,0,0,0,0,2,1,0,3,36,12,40
2687,0,0,1,0,2,2,1,2,41,4,26
0,17000,0,0,0,2,1,1,3,21,9,45
0,0,0,0,0,2,3,1,1,42,0,0
100000,25000,0,0,0,1,1,0,4,33,12,50
0,0,1,1,1,1,3,0,1,44,0,0
15000,0,0,0,0,1,4,1,1,33,12,40
100000,75000,0,0,0,2,4,NA,4,29,12,50
35000,0,0,0,0,1,2,1,3,48,12,35
35000,75000,0,0,0,2,1,0,4,29,12,75
7000,0,0,0,0,1,3,1,2,28,7,35
100000,-5,0,0,0,2,1,0,4,45,12,40
0,0,1,0,0,2,3,1,1,50,0,0
10000,0,0,0,0,2,2,0,2,22,12,30
9000,-5,0,0,0,2,2,1,3,24,8,40
25000,0,0,0,0,2,2,0,3,37,12,35
0,0,0,0,0,1,1,0,4,29,0,0
0,0,1,0,0,2,2,0,2,56,0,0
0,0,1,1,0,2,3,0,2,35,0,0
25000,35000,0,0,0,2,1,1,4,46,12,60
9600,5000,0,0,0,1,3,1,2,32,12,72
-5,-5,0,0,0,2,1,0,4,35,10,35
100000,0,0,0,0,1,1,NA,4,50,12,42.2999992370605
25000,0,0,0,0,1,3,0,1,21,12,40
22000,70000,0,0,0,2,3,1,4,33,12,35
75000,52000,0,0,0,1,1,0,4,55,12,35
30000,40000,0,0,0,2,2,0,3,48,12,60
-5,0,0,0,0,2,2,0,2,43,12,40
36000,32000,0,0,0,2,3,1,4,41.3242301940918,12,40
23000,24000,0,0,0,2,2,0,2,21,12,40
0,18000,0,0,0,1,3,1,3,47,8,40
0,11040,0,0,0,2,3,1,1,25,12,40
7000,12500,0,0,0,2,3,0,2,39,12,40
55000,50000,0,0,0,1,1,0,4,43,12,35
28000,0,0,0,0,2,2,0,3,28,12,40
53000,0,0,0,0,1,2,1,3,27,12,60
7500,0,0,0,0,1,4,1,1,41.3242301940918,10,50
90000,15000,0,0,0,1,4,1,4,45,12,40
30000,-5,0,0,0,1,2,0,3,41,12,40
45000,45000,0,0,0,1,1,0,4,30,12,42
7500,0,0,0,0,2,2,1,1,50,6,12
4800,0,0,1,0,2,3,1,2,33,6,25
0,0,0,0,0,2,2,0,2,67,0,0
70000,80000,0,0,0,1,1,0,3,36,6,20
0,40000,1,0,0,2,1,0,2,46,12,40
0,0,1,0,0,2,3,1,1,47,0,0
20000,6000,0,0,0,2,2,0,3,35,12,40
26000,9900,0,0,0,2,3,0,3,28,12,40
55000,0,0,0,0,1,NA,0,4,28,12,35
-5,-5,0,0,0,2,1,0,4,48,12,40
13000,0,0,0,0,2,2,1,1,35,8,40
25000,0,0,0,0,2,2,1,3,35,12,28
0,100000,0,0,0,2,1,1,4,38,12,50
-5,-5,0,0,0,2,1,NA,4,36,12,40
8800,22500,0,0,0,2,3,1,1,32,12,60
22500,0,0,0,0,2,2,0,3,23,12,35
2700,0,0,1,0,2,3,0,2,35,3,25
3000,0,0,0,0,2,4,1,1,43,4,40
0,50000,0,0,0,2,3,1,4,34,11,40
200000,0,0,0,0,1,1,0,1,50,12,48
24000,0,0,0,0,2,2,0,4,34,12,64
18000,0,0,0,0,1,3,0,2,25,12,60
68000,0,0,0,0,2,3,0,3,30,12,55
1500,30000,0,0,0,2,1,0,3,34,12,75
12500,0,0,0,0,1,3,1,1,29,11,40
22000,15500,0,0,0,2,3,1,2,41,12,50
12600,30000,0,0,0,2,2,1,2,43,12,84
22000,0,0,0,0,2,2,1,1,42,7,40
70000,35000,0,0,0,1,2,1,3,37,12,35
30000,0,0,0,0,2,3,0,3,29,12,40
30000,34000,0,0,0,2,3,0,3,39,12,55
500,0,0,1,0,2,3,0,2,20,3,50
46000,0,0,0,0,2,2,0,3,39,12,60
4320,0,0,0,0,2,3,1,2,24,6,40
70000,35000,0,0,0,2,3,0,3,30,12,40
13000,86000,0,0,0,1,4,1,3,34,12,40
23000,52000,0,0,0,2,3,0,3,34,12,40
0,0,0,0,0,2,3,0,2,41,0,0
0,-5,0,0,0,2,4,1,4,50,12,40
12000,0,0,0,0,2,2,1,3,40,11,37
28000,50000,0,0,0,2,2,1,3,41.3242301940918,12,35
0,-5,0,0,0,2,4,1,2,26,11,42.2999992370605
30000,0,0,0,0,2,4,1,4,34,8,35
100000,-5,0,0,0,1,1,0,4,47,12,55
49000,42000,0,0,0,1,2,1,3,42,12,45
70000,0,0,0,0,2,2,0,2,33,12,40
35000,0,0,0,0,1,2,0,3,37,12,40
85000,20000,0,0,0,1,1,0,4,27,12,55
0,-9,0,1,0,2,3,1,1,24,0,0
28000,0,0,0,0,2,1,1,3,39,12,35
2500,14400,0,0,0,2,3,1,2,41,12,40
0,0,0,0,0,2,3,0,2,40,0,0
50000,55000,0,0,0,2,4,0,4,32,12,50
-5,-5,0,1,0,2,2,0,2,40,6,40
41000,70000,0,0,0,2,3,0,3,31,12,35
56000,0,0,0,0,2,2,0,3,37,12,50
7000,0,0,0,0,1,3,1,3,46,12,40
13500,5000,0,0,0,1,3,1,1,32,9,45
26000,0,0,0,0,2,3,0,2,23,12,40
14448,0,0,0,0,1,2,0,3,43,12,47
30000,0,0,0,0,2,3,1,3,48,12,40
0,19200,0,0,0,2,3,1,1,30,12,40
0,0,0,1,0,2,3,1,1,28,0,0
70000,0,0,0,0,1,3,0,2,46,12,40
0,17500,0,0,0,2,1,0,2,40,12,48
23000,19000,0,0,0,2,1,0,2,25,12,40
1600,21600,0,0,0,2,3,1,2,28,9,55
65000,35000,0,0,0,1,1,1,3,54,12,35
40000,0,0,0,0,2,2,1,4,33,12,35
12500,0,0,0,0,1,4,1,1,36,8,50
12500,0,0,0,0,2,3,0,3,36,6,20
36000,0,0,0,0,1,4,1,2,44,8,60
100000,0,0,0,0,1,3,0,4,45,12,48
-9,-9,0,0,0,1,2,1,1,43,0,0
32000,32000,0,0,0,2,2,1,3,29,12,40
7000,36000,0,0,0,2,3,1,3,28,12,35
50000,60000,0,0,0,2,NA,NA,3,50,12,47
100000,0,0,0,0,1,1,0,4,45,12,40
0,0,0,0,0,1,2,0,3,63,0,0
44000,-5,0,0,0,2,2,NA,4,44,12,30
0,0,0,0,0,1,1,0,3,68,0,0
72000,2500,0,0,0,1,1,0,4,33,12,40
100000,24000,0,0,0,1,1,0,4,35,12,60
45000,0,0,0,0,2,2,0,4,34,12,50
13500,0,0,0,0,2,1,0,2,23,12,20
70000,0,0,0,0,2,1,0,3,28,10,45
0,0,0,0,0,2,1,0,4,47,0,0
0,-5,0,0,0,2,1,1,1,50,12,35
31000,60000,0,0,0,2,2,0,4,34,12,60
45000,35000,0,0,0,1,2,0,3,33,12,48
0,-5,0,1,0,2,4,1,3,24,12,20
0,10000,0,0,0,2,1,0,2,44,10,20
-5,0,0,0,0,1,1,0,3,31,12,40
21600,0,0,0,0,1,2,0,2,49,12,48
0,-5,0,0,0,2,1,1,1,32,12,42.2999992370605
500000,10000,0,0,0,2,1,1,4,48,12,60
12000,14400,0,0,0,2,3,1,1,33,12,40
82000,0,0,0,0,2,3,0,4,31,12,55
